image_id,predicted_class_id
train_bird_00000,0
train_bird_00001,0
train_bird_00002,0
train_bird_00003,0
train_bird_00004,0
train_bird_00005,0
train_bird_00006,0
train_bird_00007,0
train_bird_00008,0
train_bird_00009,0
train_bird_00010,0
train_bird_00011,0
train_bird_00012,0
train_bird_00013,0
train_bird_00014,0
train_bird_00015,0
train_bird_00016,0
train_bird_00017,0
train_bird_00018,0
train_bird_00019,0
train_bird_00020,0
train_bird_00021,0
train_bird_00022,0
train_bird_00023,0
train_bird_00024,0
train_bird_00025,0
train_bird_00026,0
train_bird_00027,0
train_bird_00028,0
train_bird_00029,0
train_bird_00030,0
train_bird_00031,0
train_bird_00032,0
train_bird_00033,0
train_bird_00034,0
train_bird_00035,0
train_bird_00036,0
train_bird_00037,0
train_bird_00038,0
train_bird_00039,0
train_bird_00040,0
train_bird_00041,0
train_bird_00042,0
train_bird_00043,0
train_bird_00044,0
train_bird_00045,0
train_bird_00046,0
train_bird_00047,0
train_bird_00048,0
train_bird_00049,0
train_bird_00050,0
train_bird_00051,0
train_bird_00052,0
train_bird_00053,0
train_bird_00054,0
train_bird_00055,0
train_bird_00056,0
train_bird_00057,0
train_bird_00058,0
train_bird_00059,0
train_bird_00060,0
train_bird_00061,0
train_bird_00062,0
train_bird_00063,0
train_bird_00064,0
train_bird_00065,0
train_bird_00066,0
train_bird_00067,0
train_bird_00068,0
train_bird_00069,0
train_bird_00070,0
train_bird_00071,0
train_bird_00072,0
train_bird_00073,0
train_bird_00074,0
train_bird_00075,0
train_bird_00076,0
train_bird_00077,0
train_bird_00078,0
train_bird_00079,0
train_bird_00080,0
train_bird_00081,0
train_bird_00082,0
train_bird_00083,0
train_bird_00084,0
train_bird_00085,0
train_bird_00086,0
train_bird_00087,0
train_bird_00088,0
train_bird_00089,0
train_bird_00090,0
train_bird_00091,0
train_bird_00092,0
train_bird_00093,0
train_bird_00094,0
train_bird_00095,0
train_bird_00096,0
train_bird_00097,0
train_bird_00098,0
train_bird_00099,0
train_bird_00100,0
train_bird_00101,0
train_bird_00102,0
train_bird_00103,0
train_bird_00104,0
train_bird_00105,0
train_bird_00106,0
train_bird_00107,0
train_bird_00108,0
train_bird_00109,0
train_bird_00110,0
train_bird_00111,0
train_bird_00112,0
train_bird_00113,0
train_bird_00114,0
train_bird_00115,0
train_bird_00116,0
train_bird_00117,0
train_bird_00118,0
train_bird_00119,0
train_bird_00120,0
train_bird_00121,0
train_bird_00122,0
train_bird_00123,0
train_bird_00124,0
train_bird_00125,0
train_bird_00126,0
train_bird_00127,0
train_bird_00128,0
train_bird_00129,0
train_bird_00130,0
train_bird_00131,0
train_bird_00132,0
train_bird_00133,0
train_bird_00134,0
train_bird_00135,0
train_bird_00136,0
train_bird_00137,0
train_bird_00138,0
train_bird_00139,0
train_bird_00140,0
train_bird_00141,0
train_bird_00142,0
train_bird_00143,0
train_bird_00144,0
train_bird_00145,0
train_bird_00146,0
train_bird_00147,0
train_bird_00148,0
train_bird_00149,0
train_bird_00150,0
train_bird_00151,0
train_bird_00152,0
train_bird_00153,0
train_bird_00154,0
train_bird_00155,0
train_bird_00156,0
train_bird_00157,0
train_bird_00158,0
train_bird_00159,0
train_bird_00160,0
train_bird_00161,0
train_bird_00162,0
train_bird_00163,0
train_bird_00164,0
train_bird_00165,0
train_bird_00166,0
train_bird_00167,0
train_bird_00168,0
train_bird_00169,0
train_bird_00170,0
train_bird_00171,0
train_bird_00172,0
train_bird_00173,0
train_bird_00174,0
train_bird_00175,0
train_bird_00176,0
train_bird_00177,0
train_bird_00178,0
train_bird_00179,0
train_bird_00180,0
train_bird_00181,0
train_bird_00182,0
train_bird_00183,0
train_bird_00184,0
train_bird_00185,0
train_bird_00186,0
train_bird_00187,0
train_bird_00188,0
train_bird_00189,0
train_bird_00190,0
train_bird_00191,0
train_bird_00192,0
train_bird_00193,0
train_bird_00194,0
train_bird_00195,0
train_bird_00196,0
train_bird_00197,0
train_bird_00198,0
train_bird_00199,0
train_bird_00200,0
train_bird_00201,0
train_bird_00202,0
train_bird_00203,0
train_bird_00204,0
train_bird_00205,0
train_bird_00206,0
train_bird_00207,0
train_bird_00208,0
train_bird_00209,0
train_bird_00210,0
train_bird_00211,0
train_bird_00212,0
train_bird_00213,0
train_bird_00214,0
train_bird_00215,0
train_bird_00216,0
train_bird_00217,0
train_bird_00218,0
train_bird_00219,0
train_bird_00220,0
train_bird_00221,0
train_bird_00222,0
train_bird_00223,0
train_bird_00224,0
train_bird_00225,0
train_bird_00226,0
train_bird_00227,0
train_bird_00228,0
train_bird_00229,0
train_bird_00230,0
train_bird_00231,0
train_bird_00232,0
train_bird_00233,0
train_bird_00234,0
train_bird_00235,0
train_bird_00236,0
train_bird_00237,0
train_bird_00238,0
train_bird_00239,0
train_bird_00240,0
train_bird_00241,0
train_bird_00242,0
train_bird_00243,0
train_bird_00244,0
train_bird_00245,0
train_bird_00246,0
train_bird_00247,0
train_bird_00248,0
train_bird_00249,0
train_bird_00250,0
train_bird_00251,0
train_bird_00252,0
train_bird_00253,0
train_bird_00254,0
train_bird_00255,0
train_bird_00256,0
train_bird_00257,0
train_bird_00258,0
train_bird_00259,0
train_bird_00260,0
train_bird_00261,0
train_bird_00262,0
train_bird_00263,0
train_bird_00264,0
train_bird_00265,0
train_bird_00266,0
train_bird_00267,0
train_bird_00268,0
train_bird_00269,0
train_bird_00270,0
train_bird_00271,0
train_bird_00272,0
train_bird_00273,0
train_bird_00274,0
train_bird_00275,0
train_bird_00276,0
train_bird_00277,0
train_bird_00278,0
train_bird_00279,0
train_bird_00280,0
train_bird_00281,0
train_bird_00282,0
train_bird_00283,0
train_bird_00284,0
train_bird_00285,0
train_bird_00286,0
train_bird_00287,0
train_bird_00288,0
train_bird_00289,0
train_bird_00290,0
train_bird_00291,0
train_bird_00292,0
train_bird_00293,0
train_bird_00294,0
train_bird_00295,0
train_bird_00296,0
train_bird_00297,0
train_bird_00298,0
train_bird_00299,0
train_bird_00300,0
train_bird_00301,0
train_bird_00302,0
train_bird_00303,0
train_bird_00304,0
train_bird_00305,0
train_bird_00306,0
train_bird_00307,0
train_bird_00308,0
train_bird_00309,0
train_bird_00310,0
train_bird_00311,0
train_bird_00312,0
train_bird_00313,0
train_bird_00314,0
train_bird_00315,0
train_bird_00316,0
train_bird_00317,0
train_bird_00318,0
train_bird_00319,0
train_bird_00320,0
train_bird_00321,0
train_bird_00322,0
train_bird_00323,0
train_bird_00324,0
train_bird_00325,0
train_bird_00326,0
train_bird_00327,0
train_bird_00328,0
train_bird_00329,0
train_bird_00330,0
train_bird_00331,0
train_bird_00332,0
train_bird_00333,0
train_bird_00334,0
train_bird_00335,0
train_bird_00336,0
train_bird_00337,0
train_bird_00338,0
train_bird_00339,0
train_bird_00340,0
train_bird_00341,0
train_bird_00342,0
train_bird_00343,0
train_bird_00344,0
train_bird_00345,0
train_bird_00346,0
train_bird_00347,0
train_bird_00348,0
train_bird_00349,0
train_bird_00350,0
train_bird_00351,0
train_bird_00352,0
train_bird_00353,0
train_bird_00354,0
train_bird_00355,0
train_bird_00356,0
train_bird_00357,0
train_bird_00358,0
train_bird_00359,0
train_bird_00360,0
train_bird_00361,0
train_bird_00362,0
train_bird_00363,0
train_bird_00364,0
train_bird_00365,0
train_bird_00366,0
train_bird_00367,0
train_bird_00368,0
train_bird_00369,0
train_bird_00370,0
train_bird_00371,0
train_bird_00372,0
train_bird_00373,0
train_bird_00374,0
train_butterfly_00000,1
train_butterfly_00001,1
train_butterfly_00002,1
train_butterfly_00003,1
train_butterfly_00004,1
train_butterfly_00005,1
train_butterfly_00006,1
train_butterfly_00007,1
train_butterfly_00008,1
train_butterfly_00009,1
train_butterfly_00010,1
train_butterfly_00011,1
train_butterfly_00012,1
train_butterfly_00013,1
train_butterfly_00014,1
train_butterfly_00015,1
train_butterfly_00016,1
train_butterfly_00017,1
train_butterfly_00018,1
train_butterfly_00019,1
train_butterfly_00020,1
train_butterfly_00021,1
train_butterfly_00022,1
train_butterfly_00023,1
train_butterfly_00024,1
train_butterfly_00025,1
train_butterfly_00026,1
train_butterfly_00027,1
train_butterfly_00028,1
train_butterfly_00029,1
train_butterfly_00030,1
train_butterfly_00031,1
train_butterfly_00032,1
train_butterfly_00033,1
train_butterfly_00034,1
train_butterfly_00035,1
train_butterfly_00036,1
train_butterfly_00037,1
train_butterfly_00038,1
train_butterfly_00039,1
train_butterfly_00040,1
train_butterfly_00041,1
train_butterfly_00042,1
train_butterfly_00043,1
train_butterfly_00044,1
train_butterfly_00045,1
train_butterfly_00046,1
train_butterfly_00047,1
train_butterfly_00048,1
train_butterfly_00049,1
train_butterfly_00050,1
train_butterfly_00051,1
train_butterfly_00052,1
train_butterfly_00053,1
train_butterfly_00054,1
train_butterfly_00055,1
train_butterfly_00056,1
train_butterfly_00057,1
train_butterfly_00058,1
train_butterfly_00059,1
train_butterfly_00060,1
train_butterfly_00061,1
train_butterfly_00062,1
train_butterfly_00063,1
train_butterfly_00064,1
train_butterfly_00065,1
train_butterfly_00066,1
train_butterfly_00067,1
train_butterfly_00068,1
train_butterfly_00069,1
train_butterfly_00070,1
train_butterfly_00071,1
train_butterfly_00072,1
train_butterfly_00073,1
train_butterfly_00074,1
train_butterfly_00075,1
train_butterfly_00076,1
train_butterfly_00077,1
train_butterfly_00078,1
train_butterfly_00079,1
train_butterfly_00080,1
train_butterfly_00081,1
train_butterfly_00082,1
train_butterfly_00083,1
train_butterfly_00084,1
train_butterfly_00085,1
train_butterfly_00086,1
train_butterfly_00087,1
train_butterfly_00088,1
train_butterfly_00089,1
train_butterfly_00090,1
train_butterfly_00091,1
train_butterfly_00092,1
train_butterfly_00093,1
train_butterfly_00094,1
train_butterfly_00095,1
train_butterfly_00096,1
train_butterfly_00097,1
train_butterfly_00098,1
train_butterfly_00099,1
train_butterfly_00100,1
train_butterfly_00101,1
train_butterfly_00102,1
train_butterfly_00103,1
train_butterfly_00104,1
train_butterfly_00105,1
train_butterfly_00106,1
train_butterfly_00107,1
train_butterfly_00108,1
train_butterfly_00109,1
train_butterfly_00110,1
train_butterfly_00111,1
train_butterfly_00112,1
train_butterfly_00113,1
train_butterfly_00114,1
train_butterfly_00115,1
train_butterfly_00116,1
train_butterfly_00117,1
train_butterfly_00118,1
train_butterfly_00119,1
train_butterfly_00120,1
train_butterfly_00121,1
train_butterfly_00122,1
train_butterfly_00123,1
train_butterfly_00124,1
train_butterfly_00125,1
train_butterfly_00126,1
train_butterfly_00127,1
train_butterfly_00128,1
train_butterfly_00129,1
train_butterfly_00130,1
train_butterfly_00131,1
train_butterfly_00132,1
train_butterfly_00133,1
train_butterfly_00134,1
train_butterfly_00135,1
train_butterfly_00136,1
train_butterfly_00137,1
train_butterfly_00138,1
train_butterfly_00139,1
train_butterfly_00140,1
train_butterfly_00141,1
train_butterfly_00142,1
train_butterfly_00143,1
train_butterfly_00144,1
train_butterfly_00145,1
train_butterfly_00146,1
train_butterfly_00147,1
train_butterfly_00148,1
train_butterfly_00149,1
train_butterfly_00150,1
train_butterfly_00151,1
train_butterfly_00152,1
train_butterfly_00153,1
train_butterfly_00154,1
train_butterfly_00155,1
train_butterfly_00156,1
train_butterfly_00157,1
train_butterfly_00158,1
train_butterfly_00159,1
train_butterfly_00160,1
train_butterfly_00161,1
train_butterfly_00162,1
train_butterfly_00163,1
train_butterfly_00164,1
train_butterfly_00165,1
train_butterfly_00166,1
train_butterfly_00167,1
train_butterfly_00168,1
train_butterfly_00169,1
train_butterfly_00170,1
train_butterfly_00171,1
train_butterfly_00172,1
train_butterfly_00173,1
train_butterfly_00174,1
train_butterfly_00175,1
train_butterfly_00176,1
train_butterfly_00177,1
train_butterfly_00178,1
train_butterfly_00179,1
train_butterfly_00180,1
train_butterfly_00181,1
train_butterfly_00182,1
train_butterfly_00183,1
train_butterfly_00184,1
train_butterfly_00185,1
train_butterfly_00186,1
train_butterfly_00187,1
train_butterfly_00188,1
train_butterfly_00189,1
train_butterfly_00190,1
train_butterfly_00191,1
train_butterfly_00192,1
train_butterfly_00193,1
train_butterfly_00194,1
train_butterfly_00195,1
train_butterfly_00196,1
train_butterfly_00197,1
train_butterfly_00198,1
train_butterfly_00199,1
train_butterfly_00200,1
train_butterfly_00201,1
train_butterfly_00202,1
train_butterfly_00203,1
train_butterfly_00204,1
train_butterfly_00205,1
train_butterfly_00206,1
train_butterfly_00207,1
train_butterfly_00208,1
train_butterfly_00209,1
train_butterfly_00210,1
train_butterfly_00211,1
train_butterfly_00212,1
train_butterfly_00213,1
train_butterfly_00214,1
train_butterfly_00215,1
train_butterfly_00216,1
train_butterfly_00217,1
train_butterfly_00218,1
train_butterfly_00219,1
train_butterfly_00220,1
train_butterfly_00221,1
train_butterfly_00222,1
train_butterfly_00223,1
train_butterfly_00224,1
train_butterfly_00225,1
train_butterfly_00226,1
train_butterfly_00227,1
train_butterfly_00228,1
train_butterfly_00229,1
train_butterfly_00230,1
train_butterfly_00231,1
train_butterfly_00232,1
train_butterfly_00233,1
train_butterfly_00234,1
train_butterfly_00235,1
train_butterfly_00236,1
train_butterfly_00237,1
train_butterfly_00238,1
train_butterfly_00239,1
train_butterfly_00240,1
train_butterfly_00241,1
train_butterfly_00242,1
train_butterfly_00243,1
train_butterfly_00244,1
train_butterfly_00245,1
train_butterfly_00246,1
train_butterfly_00247,1
train_butterfly_00248,1
train_butterfly_00249,1
train_butterfly_00250,1
train_butterfly_00251,1
train_butterfly_00252,1
train_butterfly_00253,1
train_butterfly_00254,1
train_butterfly_00255,1
train_butterfly_00256,1
train_butterfly_00257,1
train_butterfly_00258,1
train_butterfly_00259,1
train_butterfly_00260,1
train_butterfly_00261,1
train_butterfly_00262,1
train_butterfly_00263,1
train_butterfly_00264,1
train_butterfly_00265,1
train_butterfly_00266,1
train_butterfly_00267,1
train_butterfly_00268,1
train_butterfly_00269,1
train_butterfly_00270,1
train_butterfly_00271,1
train_butterfly_00272,1
train_butterfly_00273,1
train_butterfly_00274,1
train_butterfly_00275,1
train_butterfly_00276,1
train_butterfly_00277,1
train_butterfly_00278,1
train_butterfly_00279,1
train_butterfly_00280,1
train_butterfly_00281,1
train_butterfly_00282,1
train_butterfly_00283,1
train_butterfly_00284,1
train_butterfly_00285,1
train_butterfly_00286,1
train_butterfly_00287,1
train_butterfly_00288,1
train_butterfly_00289,1
train_butterfly_00290,1
train_butterfly_00291,1
train_butterfly_00292,1
train_butterfly_00293,1
train_butterfly_00294,1
train_butterfly_00295,1
train_butterfly_00296,1
train_butterfly_00297,1
train_butterfly_00298,1
train_butterfly_00299,1
train_butterfly_00300,1
train_butterfly_00301,1
train_butterfly_00302,1
train_butterfly_00303,1
train_butterfly_00304,1
train_butterfly_00305,1
train_butterfly_00306,1
train_butterfly_00307,1
train_butterfly_00308,1
train_butterfly_00309,1
train_butterfly_00310,1
train_butterfly_00311,1
train_butterfly_00312,1
train_butterfly_00313,1
train_butterfly_00314,1
train_butterfly_00315,1
train_butterfly_00316,1
train_butterfly_00317,1
train_butterfly_00318,1
train_butterfly_00319,1
train_butterfly_00320,1
train_butterfly_00321,1
train_butterfly_00322,1
train_butterfly_00323,1
train_butterfly_00324,1
train_butterfly_00325,1
train_butterfly_00326,1
train_butterfly_00327,1
train_butterfly_00328,1
train_butterfly_00329,1
train_butterfly_00330,1
train_butterfly_00331,1
train_butterfly_00332,1
train_butterfly_00333,1
train_butterfly_00334,1
train_butterfly_00335,1
train_butterfly_00336,1
train_butterfly_00337,1
train_butterfly_00338,1
train_butterfly_00339,1
train_butterfly_00340,1
train_butterfly_00341,1
train_butterfly_00342,1
train_butterfly_00343,1
train_butterfly_00344,1
train_butterfly_00345,1
train_butterfly_00346,1
train_butterfly_00347,1
train_butterfly_00348,1
train_butterfly_00349,1
train_butterfly_00350,1
train_butterfly_00351,1
train_butterfly_00352,1
train_butterfly_00353,1
train_butterfly_00354,1
train_butterfly_00355,1
train_butterfly_00356,1
train_butterfly_00357,1
train_butterfly_00358,1
train_butterfly_00359,1
train_butterfly_00360,1
train_butterfly_00361,1
train_butterfly_00362,1
train_butterfly_00363,1
train_butterfly_00364,1
train_butterfly_00365,1
train_butterfly_00366,1
train_butterfly_00367,1
train_butterfly_00368,1
train_butterfly_00369,1
train_butterfly_00370,1
train_butterfly_00371,1
train_butterfly_00372,1
train_butterfly_00373,1
train_butterfly_00374,1
train_cat_00000,2
train_cat_00001,2
train_cat_00002,2
train_cat_00003,2
train_cat_00004,2
train_cat_00005,2
train_cat_00006,2
train_cat_00007,2
train_cat_00008,2
train_cat_00009,2
train_cat_00010,2
train_cat_00011,2
train_cat_00012,2
train_cat_00013,2
train_cat_00014,2
train_cat_00015,2
train_cat_00016,2
train_cat_00017,2
train_cat_00018,2
train_cat_00019,2
train_cat_00020,2
train_cat_00021,2
train_cat_00022,2
train_cat_00023,2
train_cat_00024,2
train_cat_00025,2
train_cat_00026,2
train_cat_00027,2
train_cat_00028,2
train_cat_00029,2
train_cat_00030,2
train_cat_00031,2
train_cat_00032,2
train_cat_00033,2
train_cat_00034,2
train_cat_00035,2
train_cat_00036,2
train_cat_00037,2
train_cat_00038,2
train_cat_00039,2
train_cat_00040,2
train_cat_00041,2
train_cat_00042,2
train_cat_00043,2
train_cat_00044,2
train_cat_00045,2
train_cat_00046,2
train_cat_00047,2
train_cat_00048,2
train_cat_00049,2
train_cat_00050,2
train_cat_00051,2
train_cat_00052,2
train_cat_00053,2
train_cat_00054,2
train_cat_00055,2
train_cat_00056,2
train_cat_00057,2
train_cat_00058,2
train_cat_00059,2
train_cat_00060,2
train_cat_00061,2
train_cat_00062,2
train_cat_00063,2
train_cat_00064,2
train_cat_00065,2
train_cat_00066,2
train_cat_00067,2
train_cat_00068,2
train_cat_00069,2
train_cat_00070,2
train_cat_00071,2
train_cat_00072,2
train_cat_00073,2
train_cat_00074,2
train_cat_00075,2
train_cat_00076,2
train_cat_00077,2
train_cat_00078,2
train_cat_00079,2
train_cat_00080,2
train_cat_00081,2
train_cat_00082,2
train_cat_00083,2
train_cat_00084,2
train_cat_00085,2
train_cat_00086,2
train_cat_00087,2
train_cat_00088,2
train_cat_00089,2
train_cat_00090,2
train_cat_00091,2
train_cat_00092,2
train_cat_00093,2
train_cat_00094,2
train_cat_00095,2
train_cat_00096,2
train_cat_00097,2
train_cat_00098,2
train_cat_00099,2
train_cat_00100,2
train_cat_00101,2
train_cat_00102,2
train_cat_00103,2
train_cat_00104,2
train_cat_00105,2
train_cat_00106,2
train_cat_00107,2
train_cat_00108,2
train_cat_00109,2
train_cat_00110,2
train_cat_00111,2
train_cat_00112,2
train_cat_00113,2
train_cat_00114,2
train_cat_00115,2
train_cat_00116,2
train_cat_00117,2
train_cat_00118,2
train_cat_00119,2
train_cat_00120,2
train_cat_00121,2
train_cat_00122,2
train_cat_00123,2
train_cat_00124,2
train_cat_00125,2
train_cat_00126,2
train_cat_00127,2
train_cat_00128,2
train_cat_00129,2
train_cat_00130,2
train_cat_00131,2
train_cat_00132,2
train_cat_00133,2
train_cat_00134,2
train_cat_00135,2
train_cat_00136,2
train_cat_00137,2
train_cat_00138,2
train_cat_00139,2
train_cat_00140,2
train_cat_00141,2
train_cat_00142,2
train_cat_00143,2
train_cat_00144,2
train_cat_00145,2
train_cat_00146,2
train_cat_00147,2
train_cat_00148,2
train_cat_00149,2
train_cat_00150,2
train_cat_00151,2
train_cat_00152,2
train_cat_00153,2
train_cat_00154,2
train_cat_00155,2
train_cat_00156,2
train_cat_00157,2
train_cat_00158,2
train_cat_00159,2
train_cat_00160,2
train_cat_00161,2
train_cat_00162,2
train_cat_00163,2
train_cat_00164,2
train_cat_00165,2
train_cat_00166,2
train_cat_00167,2
train_cat_00168,2
train_cat_00169,2
train_cat_00170,2
train_cat_00171,2
train_cat_00172,2
train_cat_00173,2
train_cat_00174,2
train_cat_00175,2
train_cat_00176,2
train_cat_00177,2
train_cat_00178,2
train_cat_00179,2
train_cat_00180,2
train_cat_00181,2
train_cat_00182,2
train_cat_00183,2
train_cat_00184,2
train_cat_00185,2
train_cat_00186,2
train_cat_00187,2
train_cat_00188,2
train_cat_00189,2
train_cat_00190,2
train_cat_00191,2
train_cat_00192,2
train_cat_00193,2
train_cat_00194,2
train_cat_00195,2
train_cat_00196,2
train_cat_00197,2
train_cat_00198,2
train_cat_00199,2
train_cat_00200,2
train_cat_00201,2
train_cat_00202,2
train_cat_00203,2
train_cat_00204,2
train_cat_00205,2
train_cat_00206,2
train_cat_00207,2
train_cat_00208,2
train_cat_00209,2
train_cat_00210,2
train_cat_00211,2
train_cat_00212,2
train_cat_00213,2
train_cat_00214,2
train_cat_00215,2
train_cat_00216,2
train_cat_00217,2
train_cat_00218,2
train_cat_00219,2
train_cat_00220,2
train_cat_00221,2
train_cat_00222,2
train_cat_00223,2
train_cat_00224,2
train_cat_00225,2
train_cat_00226,2
train_cat_00227,2
train_cat_00228,2
train_cat_00229,2
train_cat_00230,2
train_cat_00231,2
train_cat_00232,2
train_cat_00233,2
train_cat_00234,2
train_cat_00235,2
train_cat_00236,2
train_cat_00237,2
train_cat_00238,2
train_cat_00239,2
train_cat_00240,2
train_cat_00241,2
train_cat_00242,2
train_cat_00243,2
train_cat_00244,2
train_cat_00245,2
train_cat_00246,2
train_cat_00247,2
train_cat_00248,2
train_cat_00249,2
train_cat_00250,2
train_cat_00251,2
train_cat_00252,2
train_cat_00253,2
train_cat_00254,2
train_cat_00255,2
train_cat_00256,2
train_cat_00257,2
train_cat_00258,2
train_cat_00259,2
train_cat_00260,2
train_cat_00261,2
train_cat_00262,2
train_cat_00263,2
train_cat_00264,2
train_cat_00265,2
train_cat_00266,2
train_cat_00267,2
train_cat_00268,2
train_cat_00269,2
train_cat_00270,2
train_cat_00271,2
train_cat_00272,2
train_cat_00273,2
train_cat_00274,2
train_cat_00275,2
train_cat_00276,2
train_cat_00277,2
train_cat_00278,2
train_cat_00279,2
train_cat_00280,2
train_cat_00281,2
train_cat_00282,2
train_cat_00283,2
train_cat_00284,2
train_cat_00285,2
train_cat_00286,2
train_cat_00287,2
train_cat_00288,2
train_cat_00289,2
train_cat_00290,2
train_cat_00291,2
train_cat_00292,2
train_cat_00293,2
train_cat_00294,2
train_cat_00295,2
train_cat_00296,2
train_cat_00297,2
train_cat_00298,2
train_cat_00299,2
train_cat_00300,2
train_cat_00301,2
train_cat_00302,2
train_cat_00303,2
train_cat_00304,2
train_cat_00305,2
train_cat_00306,2
train_cat_00307,2
train_cat_00308,2
train_cat_00309,2
train_cat_00310,2
train_cat_00311,2
train_cat_00312,2
train_cat_00313,2
train_cat_00314,2
train_cat_00315,2
train_cat_00316,2
train_cat_00317,2
train_cat_00318,2
train_cat_00319,2
train_cat_00320,2
train_cat_00321,2
train_cat_00322,2
train_cat_00323,2
train_cat_00324,2
train_cat_00325,2
train_cat_00326,2
train_cat_00327,2
train_cat_00328,2
train_cat_00329,2
train_cat_00330,2
train_cat_00331,2
train_cat_00332,2
train_cat_00333,2
train_cat_00334,2
train_cat_00335,2
train_cat_00336,2
train_cat_00337,2
train_cat_00338,2
train_cat_00339,2
train_cat_00340,2
train_cat_00341,2
train_cat_00342,2
train_cat_00343,2
train_cat_00344,2
train_cat_00345,2
train_cat_00346,2
train_cat_00347,2
train_cat_00348,2
train_cat_00349,2
train_cat_00350,2
train_cat_00351,2
train_cat_00352,2
train_cat_00353,2
train_cat_00354,2
train_cat_00355,2
train_cat_00356,2
train_cat_00357,2
train_cat_00358,2
train_cat_00359,2
train_cat_00360,2
train_cat_00361,2
train_cat_00362,2
train_cat_00363,2
train_cat_00364,2
train_cat_00365,2
train_cat_00366,2
train_cat_00367,2
train_cat_00368,2
train_cat_00369,2
train_cat_00370,2
train_cat_00371,2
train_cat_00372,2
train_cat_00373,2
train_cat_00374,2
train_deer_00000,3
train_deer_00001,3
train_deer_00002,3
train_deer_00003,3
train_deer_00004,3
train_deer_00005,3
train_deer_00006,3
train_deer_00007,3
train_deer_00008,3
train_deer_00009,3
train_deer_00010,3
train_deer_00011,3
train_deer_00012,3
train_deer_00013,3
train_deer_00014,3
train_deer_00015,3
train_deer_00016,3
train_deer_00017,3
train_deer_00018,3
train_deer_00019,3
train_deer_00020,3
train_deer_00021,3
train_deer_00022,3
train_deer_00023,3
train_deer_00024,3
train_deer_00025,3
train_deer_00026,3
train_deer_00027,3
train_deer_00028,3
train_deer_00029,3
train_deer_00030,3
train_deer_00031,3
train_deer_00032,3
train_deer_00033,3
train_deer_00034,3
train_deer_00035,3
train_deer_00036,3
train_deer_00037,3
train_deer_00038,3
train_deer_00039,3
train_deer_00040,3
train_deer_00041,3
train_deer_00042,3
train_deer_00043,3
train_deer_00044,3
train_deer_00045,3
train_deer_00046,3
train_deer_00047,3
train_deer_00048,3
train_deer_00049,3
train_deer_00050,3
train_deer_00051,3
train_deer_00052,3
train_deer_00053,3
train_deer_00054,3
train_deer_00055,3
train_deer_00056,3
train_deer_00057,3
train_deer_00058,3
train_deer_00059,3
train_deer_00060,3
train_deer_00061,3
train_deer_00062,3
train_deer_00063,3
train_deer_00064,3
train_deer_00065,3
train_deer_00066,3
train_deer_00067,3
train_deer_00068,3
train_deer_00069,3
train_deer_00070,3
train_deer_00071,3
train_deer_00072,3
train_deer_00073,3
train_deer_00074,3
train_deer_00075,3
train_deer_00076,3
train_deer_00077,3
train_deer_00078,3
train_deer_00079,3
train_deer_00080,3
train_deer_00081,3
train_deer_00082,3
train_deer_00083,3
train_deer_00084,3
train_deer_00085,3
train_deer_00086,3
train_deer_00087,3
train_deer_00088,3
train_deer_00089,3
train_deer_00090,3
train_deer_00091,3
train_deer_00092,3
train_deer_00093,3
train_deer_00094,3
train_deer_00095,3
train_deer_00096,3
train_deer_00097,3
train_deer_00098,3
train_deer_00099,3
train_deer_00100,3
train_deer_00101,3
train_deer_00102,3
train_deer_00103,3
train_deer_00104,3
train_deer_00105,3
train_deer_00106,3
train_deer_00107,3
train_deer_00108,3
train_deer_00109,3
train_deer_00110,3
train_deer_00111,3
train_deer_00112,3
train_deer_00113,3
train_deer_00114,3
train_deer_00115,3
train_deer_00116,3
train_deer_00117,3
train_deer_00118,3
train_deer_00119,3
train_deer_00120,3
train_deer_00121,3
train_deer_00122,3
train_deer_00123,3
train_deer_00124,3
train_deer_00125,3
train_deer_00126,3
train_deer_00127,3
train_deer_00128,3
train_deer_00129,3
train_deer_00130,3
train_deer_00131,3
train_deer_00132,3
train_deer_00133,3
train_deer_00134,3
train_deer_00135,3
train_deer_00136,3
train_deer_00137,3
train_deer_00138,3
train_deer_00139,3
train_deer_00140,3
train_deer_00141,3
train_deer_00142,3
train_deer_00143,3
train_deer_00144,3
train_deer_00145,3
train_deer_00146,3
train_deer_00147,3
train_deer_00148,3
train_deer_00149,3
train_deer_00150,3
train_deer_00151,3
train_deer_00152,3
train_deer_00153,3
train_deer_00154,3
train_deer_00155,3
train_deer_00156,3
train_deer_00157,3
train_deer_00158,3
train_deer_00159,3
train_deer_00160,3
train_deer_00161,3
train_deer_00162,3
train_deer_00163,3
train_deer_00164,3
train_deer_00165,3
train_deer_00166,3
train_deer_00167,3
train_deer_00168,3
train_deer_00169,3
train_deer_00170,3
train_deer_00171,3
train_deer_00172,3
train_deer_00173,3
train_deer_00174,3
train_deer_00175,3
train_deer_00176,3
train_deer_00177,3
train_deer_00178,3
train_deer_00179,3
train_deer_00180,3
train_deer_00181,3
train_deer_00182,3
train_deer_00183,3
train_deer_00184,3
train_deer_00185,3
train_deer_00186,3
train_deer_00187,3
train_deer_00188,3
train_deer_00189,3
train_deer_00190,3
train_deer_00191,3
train_deer_00192,3
train_deer_00193,3
train_deer_00194,3
train_deer_00195,3
train_deer_00196,3
train_deer_00197,3
train_deer_00198,3
train_deer_00199,3
train_deer_00200,3
train_deer_00201,3
train_deer_00202,3
train_deer_00203,3
train_deer_00204,3
train_deer_00205,3
train_deer_00206,3
train_deer_00207,3
train_deer_00208,3
train_deer_00209,3
train_deer_00210,3
train_deer_00211,3
train_deer_00212,3
train_deer_00213,3
train_deer_00214,3
train_deer_00215,3
train_deer_00216,3
train_deer_00217,3
train_deer_00218,3
train_deer_00219,3
train_deer_00220,3
train_deer_00221,3
train_deer_00222,3
train_deer_00223,3
train_deer_00224,3
train_deer_00225,3
train_deer_00226,3
train_deer_00227,3
train_deer_00228,3
train_deer_00229,3
train_deer_00230,3
train_deer_00231,3
train_deer_00232,3
train_deer_00233,3
train_deer_00234,3
train_deer_00235,3
train_deer_00236,3
train_deer_00237,3
train_deer_00238,3
train_deer_00239,3
train_deer_00240,3
train_deer_00241,3
train_deer_00242,3
train_deer_00243,3
train_deer_00244,3
train_deer_00245,3
train_deer_00246,3
train_deer_00247,3
train_deer_00248,3
train_deer_00249,3
train_deer_00250,3
train_deer_00251,3
train_deer_00252,3
train_deer_00253,3
train_deer_00254,3
train_deer_00255,3
train_deer_00256,3
train_deer_00257,3
train_deer_00258,3
train_deer_00259,3
train_deer_00260,3
train_deer_00261,3
train_deer_00262,3
train_deer_00263,3
train_deer_00264,3
train_deer_00265,3
train_deer_00266,3
train_deer_00267,3
train_deer_00268,3
train_deer_00269,3
train_deer_00270,3
train_deer_00271,3
train_deer_00272,3
train_deer_00273,3
train_deer_00274,3
train_deer_00275,3
train_deer_00276,3
train_deer_00277,3
train_deer_00278,3
train_deer_00279,3
train_deer_00280,3
train_deer_00281,3
train_deer_00282,3
train_deer_00283,3
train_deer_00284,3
train_deer_00285,3
train_deer_00286,3
train_deer_00287,3
train_deer_00288,3
train_deer_00289,3
train_deer_00290,3
train_deer_00291,3
train_deer_00292,3
train_deer_00293,3
train_deer_00294,3
train_deer_00295,3
train_deer_00296,3
train_deer_00297,3
train_deer_00298,3
train_deer_00299,3
train_deer_00300,3
train_deer_00301,3
train_deer_00302,3
train_deer_00303,3
train_deer_00304,3
train_deer_00305,3
train_deer_00306,3
train_deer_00307,3
train_deer_00308,3
train_deer_00309,3
train_deer_00310,3
train_deer_00311,3
train_deer_00312,3
train_deer_00313,3
train_deer_00314,3
train_deer_00315,3
train_deer_00316,3
train_deer_00317,3
train_deer_00318,3
train_deer_00319,3
train_deer_00320,3
train_deer_00321,3
train_deer_00322,3
train_deer_00323,3
train_deer_00324,3
train_deer_00325,3
train_deer_00326,3
train_deer_00327,3
train_deer_00328,3
train_deer_00329,3
train_deer_00330,3
train_deer_00331,3
train_deer_00332,3
train_deer_00333,3
train_deer_00334,3
train_deer_00335,3
train_deer_00336,3
train_deer_00337,3
train_deer_00338,3
train_deer_00339,3
train_deer_00340,3
train_deer_00341,3
train_deer_00342,3
train_deer_00343,3
train_deer_00344,3
train_deer_00345,3
train_deer_00346,3
train_deer_00347,3
train_deer_00348,3
train_deer_00349,3
train_deer_00350,3
train_deer_00351,3
train_deer_00352,3
train_deer_00353,3
train_deer_00354,3
train_deer_00355,3
train_deer_00356,3
train_deer_00357,3
train_deer_00358,3
train_deer_00359,3
train_deer_00360,3
train_deer_00361,3
train_deer_00362,3
train_deer_00363,3
train_deer_00364,3
train_deer_00365,3
train_deer_00366,3
train_deer_00367,3
train_deer_00368,3
train_deer_00369,3
train_deer_00370,3
train_deer_00371,3
train_deer_00372,3
train_deer_00373,3
train_deer_00374,3
train_dog_00000,4
train_dog_00001,4
train_dog_00002,4
train_dog_00003,4
train_dog_00004,4
train_dog_00005,4
train_dog_00006,4
train_dog_00007,4
train_dog_00008,4
train_dog_00009,4
train_dog_00010,4
train_dog_00011,4
train_dog_00012,4
train_dog_00013,4
train_dog_00014,4
train_dog_00015,4
train_dog_00016,4
train_dog_00017,4
train_dog_00018,4
train_dog_00019,4
train_dog_00020,4
train_dog_00021,4
train_dog_00022,4
train_dog_00023,4
train_dog_00024,4
train_dog_00025,4
train_dog_00026,4
train_dog_00027,4
train_dog_00028,4
train_dog_00029,4
train_dog_00030,4
train_dog_00031,4
train_dog_00032,4
train_dog_00033,4
train_dog_00034,4
train_dog_00035,4
train_dog_00036,4
train_dog_00037,4
train_dog_00038,4
train_dog_00039,4
train_dog_00040,4
train_dog_00041,4
train_dog_00042,4
train_dog_00043,4
train_dog_00044,4
train_dog_00045,4
train_dog_00046,4
train_dog_00047,4
train_dog_00048,4
train_dog_00049,4
train_dog_00050,4
train_dog_00051,4
train_dog_00052,4
train_dog_00053,4
train_dog_00054,4
train_dog_00055,4
train_dog_00056,4
train_dog_00057,4
train_dog_00058,4
train_dog_00059,4
train_dog_00060,4
train_dog_00061,4
train_dog_00062,4
train_dog_00063,4
train_dog_00064,4
train_dog_00065,4
train_dog_00066,4
train_dog_00067,4
train_dog_00068,4
train_dog_00069,4
train_dog_00070,4
train_dog_00071,4
train_dog_00072,4
train_dog_00073,4
train_dog_00074,4
train_dog_00075,4
train_dog_00076,4
train_dog_00077,4
train_dog_00078,4
train_dog_00079,4
train_dog_00080,4
train_dog_00081,4
train_dog_00082,4
train_dog_00083,4
train_dog_00084,4
train_dog_00085,4
train_dog_00086,4
train_dog_00087,4
train_dog_00088,4
train_dog_00089,4
train_dog_00090,4
train_dog_00091,4
train_dog_00092,4
train_dog_00093,4
train_dog_00094,4
train_dog_00095,4
train_dog_00096,4
train_dog_00097,4
train_dog_00098,4
train_dog_00099,4
train_dog_00100,4
train_dog_00101,4
train_dog_00102,4
train_dog_00103,4
train_dog_00104,4
train_dog_00105,4
train_dog_00106,4
train_dog_00107,4
train_dog_00108,4
train_dog_00109,4
train_dog_00110,4
train_dog_00111,4
train_dog_00112,4
train_dog_00113,4
train_dog_00114,4
train_dog_00115,4
train_dog_00116,4
train_dog_00117,4
train_dog_00118,4
train_dog_00119,4
train_dog_00120,4
train_dog_00121,4
train_dog_00122,4
train_dog_00123,4
train_dog_00124,4
train_dog_00125,4
train_dog_00126,4
train_dog_00127,4
train_dog_00128,4
train_dog_00129,4
train_dog_00130,4
train_dog_00131,4
train_dog_00132,4
train_dog_00133,4
train_dog_00134,4
train_dog_00135,4
train_dog_00136,4
train_dog_00137,4
train_dog_00138,4
train_dog_00139,4
train_dog_00140,4
train_dog_00141,4
train_dog_00142,4
train_dog_00143,4
train_dog_00144,4
train_dog_00145,4
train_dog_00146,4
train_dog_00147,4
train_dog_00148,4
train_dog_00149,4
train_dog_00150,4
train_dog_00151,4
train_dog_00152,4
train_dog_00153,4
train_dog_00154,4
train_dog_00155,4
train_dog_00156,4
train_dog_00157,4
train_dog_00158,4
train_dog_00159,4
train_dog_00160,4
train_dog_00161,4
train_dog_00162,4
train_dog_00163,4
train_dog_00164,4
train_dog_00165,4
train_dog_00166,4
train_dog_00167,4
train_dog_00168,4
train_dog_00169,4
train_dog_00170,4
train_dog_00171,4
train_dog_00172,4
train_dog_00173,4
train_dog_00174,4
train_dog_00175,4
train_dog_00176,4
train_dog_00177,4
train_dog_00178,4
train_dog_00179,4
train_dog_00180,4
train_dog_00181,4
train_dog_00182,4
train_dog_00183,4
train_dog_00184,4
train_dog_00185,4
train_dog_00186,4
train_dog_00187,4
train_dog_00188,4
train_dog_00189,4
train_dog_00190,4
train_dog_00191,4
train_dog_00192,4
train_dog_00193,4
train_dog_00194,4
train_dog_00195,4
train_dog_00196,4
train_dog_00197,4
train_dog_00198,4
train_dog_00199,4
train_dog_00200,4
train_dog_00201,4
train_dog_00202,4
train_dog_00203,4
train_dog_00204,4
train_dog_00205,4
train_dog_00206,4
train_dog_00207,4
train_dog_00208,4
train_dog_00209,4
train_dog_00210,4
train_dog_00211,4
train_dog_00212,4
train_dog_00213,4
train_dog_00214,4
train_dog_00215,4
train_dog_00216,4
train_dog_00217,4
train_dog_00218,4
train_dog_00219,4
train_dog_00220,4
train_dog_00221,4
train_dog_00222,4
train_dog_00223,4
train_dog_00224,4
train_dog_00225,4
train_dog_00226,4
train_dog_00227,4
train_dog_00228,4
train_dog_00229,4
train_dog_00230,4
train_dog_00231,4
train_dog_00232,4
train_dog_00233,4
train_dog_00234,4
train_dog_00235,4
train_dog_00236,4
train_dog_00237,4
train_dog_00238,4
train_dog_00239,4
train_dog_00240,4
train_dog_00241,4
train_dog_00242,4
train_dog_00243,4
train_dog_00244,4
train_dog_00245,4
train_dog_00246,4
train_dog_00247,4
train_dog_00248,4
train_dog_00249,4
train_dog_00250,4
train_dog_00251,4
train_dog_00252,4
train_dog_00253,4
train_dog_00254,4
train_dog_00255,4
train_dog_00256,4
train_dog_00257,4
train_dog_00258,4
train_dog_00259,4
train_dog_00260,4
train_dog_00261,4
train_dog_00262,4
train_dog_00263,4
train_dog_00264,4
train_dog_00265,4
train_dog_00266,4
train_dog_00267,4
train_dog_00268,4
train_dog_00269,4
train_dog_00270,4
train_dog_00271,4
train_dog_00272,4
train_dog_00273,4
train_dog_00274,4
train_dog_00275,4
train_dog_00276,4
train_dog_00277,4
train_dog_00278,4
train_dog_00279,4
train_dog_00280,4
train_dog_00281,4
train_dog_00282,4
train_dog_00283,4
train_dog_00284,4
train_dog_00285,4
train_dog_00286,4
train_dog_00287,4
train_dog_00288,4
train_dog_00289,4
train_dog_00290,4
train_dog_00291,4
train_dog_00292,4
train_dog_00293,4
train_dog_00294,4
train_dog_00295,4
train_dog_00296,4
train_dog_00297,4
train_dog_00298,4
train_dog_00299,4
train_dog_00300,4
train_dog_00301,4
train_dog_00302,4
train_dog_00303,4
train_dog_00304,4
train_dog_00305,4
train_dog_00306,4
train_dog_00307,4
train_dog_00308,4
train_dog_00309,4
train_dog_00310,4
train_dog_00311,4
train_dog_00312,4
train_dog_00313,4
train_dog_00314,4
train_dog_00315,4
train_dog_00316,4
train_dog_00317,4
train_dog_00318,4
train_dog_00319,4
train_dog_00320,4
train_dog_00321,4
train_dog_00322,4
train_dog_00323,4
train_dog_00324,4
train_dog_00325,4
train_dog_00326,4
train_dog_00327,4
train_dog_00328,4
train_dog_00329,4
train_dog_00330,4
train_dog_00331,4
train_dog_00332,4
train_dog_00333,4
train_dog_00334,4
train_dog_00335,4
train_dog_00336,4
train_dog_00337,4
train_dog_00338,4
train_dog_00339,4
train_dog_00340,4
train_dog_00341,4
train_dog_00342,4
train_dog_00343,4
train_dog_00344,4
train_dog_00345,4
train_dog_00346,4
train_dog_00347,4
train_dog_00348,4
train_dog_00349,4
train_dog_00350,4
train_dog_00351,4
train_dog_00352,4
train_dog_00353,4
train_dog_00354,4
train_dog_00355,4
train_dog_00356,4
train_dog_00357,4
train_dog_00358,4
train_dog_00359,4
train_dog_00360,4
train_dog_00361,4
train_dog_00362,4
train_dog_00363,4
train_dog_00364,4
train_dog_00365,4
train_dog_00366,4
train_dog_00367,4
train_dog_00368,4
train_dog_00369,4
train_dog_00370,4
train_dog_00371,4
train_dog_00372,4
train_dog_00373,4
train_dog_00374,4
train_elephant_00000,5
train_elephant_00001,5
train_elephant_00002,5
train_elephant_00003,5
train_elephant_00004,5
train_elephant_00005,5
train_elephant_00006,5
train_elephant_00007,5
train_elephant_00008,5
train_elephant_00009,5
train_elephant_00010,5
train_elephant_00011,5
train_elephant_00012,5
train_elephant_00013,5
train_elephant_00014,5
train_elephant_00015,5
train_elephant_00016,5
train_elephant_00017,5
train_elephant_00018,5
train_elephant_00019,5
train_elephant_00020,5
train_elephant_00021,5
train_elephant_00022,5
train_elephant_00023,5
train_elephant_00024,5
train_elephant_00025,5
train_elephant_00026,5
train_elephant_00027,5
train_elephant_00028,5
train_elephant_00029,5
train_elephant_00030,5
train_elephant_00031,5
train_elephant_00032,5
train_elephant_00033,5
train_elephant_00034,5
train_elephant_00035,5
train_elephant_00036,5
train_elephant_00037,5
train_elephant_00038,5
train_elephant_00039,5
train_elephant_00040,5
train_elephant_00041,5
train_elephant_00042,5
train_elephant_00043,5
train_elephant_00044,5
train_elephant_00045,5
train_elephant_00046,5
train_elephant_00047,5
train_elephant_00048,5
train_elephant_00049,5
train_elephant_00050,5
train_elephant_00051,5
train_elephant_00052,5
train_elephant_00053,5
train_elephant_00054,5
train_elephant_00055,5
train_elephant_00056,5
train_elephant_00057,5
train_elephant_00058,5
train_elephant_00059,5
train_elephant_00060,5
train_elephant_00061,5
train_elephant_00062,5
train_elephant_00063,5
train_elephant_00064,5
train_elephant_00065,5
train_elephant_00066,5
train_elephant_00067,5
train_elephant_00068,5
train_elephant_00069,5
train_elephant_00070,5
train_elephant_00071,5
train_elephant_00072,5
train_elephant_00073,5
train_elephant_00074,5
train_elephant_00075,5
train_elephant_00076,5
train_elephant_00077,5
train_elephant_00078,5
train_elephant_00079,5
train_elephant_00080,5
train_elephant_00081,5
train_elephant_00082,5
train_elephant_00083,5
train_elephant_00084,5
train_elephant_00085,5
train_elephant_00086,5
train_elephant_00087,5
train_elephant_00088,5
train_elephant_00089,5
train_elephant_00090,5
train_elephant_00091,5
train_elephant_00092,5
train_elephant_00093,5
train_elephant_00094,5
train_elephant_00095,5
train_elephant_00096,5
train_elephant_00097,5
train_elephant_00098,5
train_elephant_00099,5
train_elephant_00100,5
train_elephant_00101,5
train_elephant_00102,5
train_elephant_00103,5
train_elephant_00104,5
train_elephant_00105,5
train_elephant_00106,5
train_elephant_00107,5
train_elephant_00108,5
train_elephant_00109,5
train_elephant_00110,5
train_elephant_00111,5
train_elephant_00112,5
train_elephant_00113,5
train_elephant_00114,5
train_elephant_00115,5
train_elephant_00116,5
train_elephant_00117,5
train_elephant_00118,5
train_elephant_00119,5
train_elephant_00120,5
train_elephant_00121,5
train_elephant_00122,5
train_elephant_00123,5
train_elephant_00124,5
train_elephant_00125,5
train_elephant_00126,5
train_elephant_00127,5
train_elephant_00128,5
train_elephant_00129,5
train_elephant_00130,5
train_elephant_00131,5
train_elephant_00132,5
train_elephant_00133,5
train_elephant_00134,5
train_elephant_00135,5
train_elephant_00136,5
train_elephant_00137,5
train_elephant_00138,5
train_elephant_00139,5
train_elephant_00140,5
train_elephant_00141,5
train_elephant_00142,5
train_elephant_00143,5
train_elephant_00144,5
train_elephant_00145,5
train_elephant_00146,5
train_elephant_00147,5
train_elephant_00148,5
train_elephant_00149,5
train_elephant_00150,5
train_elephant_00151,5
train_elephant_00152,5
train_elephant_00153,5
train_elephant_00154,5
train_elephant_00155,5
train_elephant_00156,5
train_elephant_00157,5
train_elephant_00158,5
train_elephant_00159,5
train_elephant_00160,5
train_elephant_00161,5
train_elephant_00162,5
train_elephant_00163,5
train_elephant_00164,5
train_elephant_00165,5
train_elephant_00166,5
train_elephant_00167,5
train_elephant_00168,5
train_elephant_00169,5
train_elephant_00170,5
train_elephant_00171,5
train_elephant_00172,5
train_elephant_00173,5
train_elephant_00174,5
train_elephant_00175,5
train_elephant_00176,5
train_elephant_00177,5
train_elephant_00178,5
train_elephant_00179,5
train_elephant_00180,5
train_elephant_00181,5
train_elephant_00182,5
train_elephant_00183,5
train_elephant_00184,5
train_elephant_00185,5
train_elephant_00186,5
train_elephant_00187,5
train_elephant_00188,5
train_elephant_00189,5
train_elephant_00190,5
train_elephant_00191,5
train_elephant_00192,5
train_elephant_00193,5
train_elephant_00194,5
train_elephant_00195,5
train_elephant_00196,5
train_elephant_00197,5
train_elephant_00198,5
train_elephant_00199,5
train_elephant_00200,5
train_elephant_00201,5
train_elephant_00202,5
train_elephant_00203,5
train_elephant_00204,5
train_elephant_00205,5
train_elephant_00206,5
train_elephant_00207,5
train_elephant_00208,5
train_elephant_00209,5
train_elephant_00210,5
train_elephant_00211,5
train_elephant_00212,5
train_elephant_00213,5
train_elephant_00214,5
train_elephant_00215,5
train_elephant_00216,5
train_elephant_00217,5
train_elephant_00218,5
train_elephant_00219,5
train_elephant_00220,5
train_elephant_00221,5
train_elephant_00222,5
train_elephant_00223,5
train_elephant_00224,5
train_elephant_00225,5
train_elephant_00226,5
train_elephant_00227,5
train_elephant_00228,5
train_elephant_00229,5
train_elephant_00230,5
train_elephant_00231,5
train_elephant_00232,5
train_elephant_00233,5
train_elephant_00234,5
train_elephant_00235,5
train_elephant_00236,5
train_elephant_00237,5
train_elephant_00238,5
train_elephant_00239,5
train_elephant_00240,5
train_elephant_00241,5
train_elephant_00242,5
train_elephant_00243,5
train_elephant_00244,5
train_elephant_00245,5
train_elephant_00246,5
train_elephant_00247,5
train_elephant_00248,5
train_elephant_00249,5
train_elephant_00250,5
train_elephant_00251,5
train_elephant_00252,5
train_elephant_00253,5
train_elephant_00254,5
train_elephant_00255,5
train_elephant_00256,5
train_elephant_00257,5
train_elephant_00258,5
train_elephant_00259,5
train_elephant_00260,5
train_elephant_00261,5
train_elephant_00262,5
train_elephant_00263,5
train_elephant_00264,5
train_elephant_00265,5
train_elephant_00266,5
train_elephant_00267,5
train_elephant_00268,5
train_elephant_00269,5
train_elephant_00270,5
train_elephant_00271,5
train_elephant_00272,5
train_elephant_00273,5
train_elephant_00274,5
train_elephant_00275,5
train_elephant_00276,5
train_elephant_00277,5
train_elephant_00278,5
train_elephant_00279,5
train_elephant_00280,5
train_elephant_00281,5
train_elephant_00282,5
train_elephant_00283,5
train_elephant_00284,5
train_elephant_00285,5
train_elephant_00286,5
train_elephant_00287,5
train_elephant_00288,5
train_elephant_00289,5
train_elephant_00290,5
train_elephant_00291,5
train_elephant_00292,5
train_elephant_00293,5
train_elephant_00294,5
train_elephant_00295,5
train_elephant_00296,5
train_elephant_00297,5
train_elephant_00298,5
train_elephant_00299,5
train_elephant_00300,5
train_elephant_00301,5
train_elephant_00302,5
train_elephant_00303,5
train_elephant_00304,5
train_elephant_00305,5
train_elephant_00306,5
train_elephant_00307,5
train_elephant_00308,5
train_elephant_00309,5
train_elephant_00310,5
train_elephant_00311,5
train_elephant_00312,5
train_elephant_00313,5
train_elephant_00314,5
train_elephant_00315,5
train_elephant_00316,5
train_elephant_00317,5
train_elephant_00318,5
train_elephant_00319,5
train_elephant_00320,5
train_elephant_00321,5
train_elephant_00322,5
train_elephant_00323,5
train_elephant_00324,5
train_elephant_00325,5
train_elephant_00326,5
train_elephant_00327,5
train_elephant_00328,5
train_elephant_00329,5
train_elephant_00330,5
train_elephant_00331,5
train_elephant_00332,5
train_elephant_00333,5
train_elephant_00334,5
train_elephant_00335,5
train_elephant_00336,5
train_elephant_00337,5
train_elephant_00338,5
train_elephant_00339,5
train_elephant_00340,5
train_elephant_00341,5
train_elephant_00342,5
train_elephant_00343,5
train_elephant_00344,5
train_elephant_00345,5
train_elephant_00346,5
train_elephant_00347,5
train_elephant_00348,5
train_elephant_00349,5
train_elephant_00350,5
train_elephant_00351,5
train_elephant_00352,5
train_elephant_00353,5
train_elephant_00354,5
train_elephant_00355,5
train_elephant_00356,5
train_elephant_00357,5
train_elephant_00358,5
train_elephant_00359,5
train_elephant_00360,5
train_elephant_00361,5
train_elephant_00362,5
train_elephant_00363,5
train_elephant_00364,5
train_elephant_00365,5
train_elephant_00366,5
train_elephant_00367,5
train_elephant_00368,5
train_elephant_00369,5
train_elephant_00370,5
train_elephant_00371,5
train_elephant_00372,5
train_elephant_00373,5
train_elephant_00374,5
train_frog_00000,6
train_frog_00001,6
train_frog_00002,6
train_frog_00003,6
train_frog_00004,6
train_frog_00005,6
train_frog_00006,6
train_frog_00007,6
train_frog_00008,6
train_frog_00009,6
train_frog_00010,6
train_frog_00011,6
train_frog_00012,6
train_frog_00013,6
train_frog_00014,6
train_frog_00015,6
train_frog_00016,6
train_frog_00017,6
train_frog_00018,6
train_frog_00019,6
train_frog_00020,6
train_frog_00021,6
train_frog_00022,6
train_frog_00023,6
train_frog_00024,6
train_frog_00025,6
train_frog_00026,6
train_frog_00027,6
train_frog_00028,6
train_frog_00029,6
train_frog_00030,6
train_frog_00031,6
train_frog_00032,6
train_frog_00033,6
train_frog_00034,6
train_frog_00035,6
train_frog_00036,6
train_frog_00037,6
train_frog_00038,6
train_frog_00039,6
train_frog_00040,6
train_frog_00041,6
train_frog_00042,6
train_frog_00043,6
train_frog_00044,6
train_frog_00045,6
train_frog_00046,6
train_frog_00047,6
train_frog_00048,6
train_frog_00049,6
train_frog_00050,6
train_frog_00051,6
train_frog_00052,6
train_frog_00053,6
train_frog_00054,6
train_frog_00055,6
train_frog_00056,6
train_frog_00057,6
train_frog_00058,6
train_frog_00059,6
train_frog_00060,6
train_frog_00061,6
train_frog_00062,6
train_frog_00063,6
train_frog_00064,6
train_frog_00065,6
train_frog_00066,6
train_frog_00067,6
train_frog_00068,6
train_frog_00069,6
train_frog_00070,6
train_frog_00071,6
train_frog_00072,6
train_frog_00073,6
train_frog_00074,6
train_frog_00075,6
train_frog_00076,6
train_frog_00077,6
train_frog_00078,6
train_frog_00079,6
train_frog_00080,6
train_frog_00081,6
train_frog_00082,6
train_frog_00083,6
train_frog_00084,6
train_frog_00085,6
train_frog_00086,6
train_frog_00087,6
train_frog_00088,6
train_frog_00089,6
train_frog_00090,6
train_frog_00091,6
train_frog_00092,6
train_frog_00093,6
train_frog_00094,6
train_frog_00095,6
train_frog_00096,6
train_frog_00097,6
train_frog_00098,6
train_frog_00099,6
train_frog_00100,6
train_frog_00101,6
train_frog_00102,6
train_frog_00103,6
train_frog_00104,6
train_frog_00105,6
train_frog_00106,6
train_frog_00107,6
train_frog_00108,6
train_frog_00109,6
train_frog_00110,6
train_frog_00111,6
train_frog_00112,6
train_frog_00113,6
train_frog_00114,6
train_frog_00115,6
train_frog_00116,6
train_frog_00117,6
train_frog_00118,6
train_frog_00119,6
train_frog_00120,6
train_frog_00121,6
train_frog_00122,6
train_frog_00123,6
train_frog_00124,6
train_frog_00125,6
train_frog_00126,6
train_frog_00127,6
train_frog_00128,6
train_frog_00129,6
train_frog_00130,6
train_frog_00131,6
train_frog_00132,6
train_frog_00133,6
train_frog_00134,6
train_frog_00135,6
train_frog_00136,6
train_frog_00137,6
train_frog_00138,6
train_frog_00139,6
train_frog_00140,6
train_frog_00141,6
train_frog_00142,6
train_frog_00143,6
train_frog_00144,6
train_frog_00145,6
train_frog_00146,6
train_frog_00147,6
train_frog_00148,6
train_frog_00149,6
train_frog_00150,6
train_frog_00151,6
train_frog_00152,6
train_frog_00153,6
train_frog_00154,6
train_frog_00155,6
train_frog_00156,6
train_frog_00157,6
train_frog_00158,6
train_frog_00159,6
train_frog_00160,6
train_frog_00161,6
train_frog_00162,6
train_frog_00163,6
train_frog_00164,6
train_frog_00165,6
train_frog_00166,6
train_frog_00167,6
train_frog_00168,6
train_frog_00169,6
train_frog_00170,6
train_frog_00171,6
train_frog_00172,6
train_frog_00173,6
train_frog_00174,6
train_frog_00175,6
train_frog_00176,6
train_frog_00177,6
train_frog_00178,6
train_frog_00179,6
train_frog_00180,6
train_frog_00181,6
train_frog_00182,6
train_frog_00183,6
train_frog_00184,6
train_frog_00185,6
train_frog_00186,6
train_frog_00187,6
train_frog_00188,6
train_frog_00189,6
train_frog_00190,6
train_frog_00191,6
train_frog_00192,6
train_frog_00193,6
train_frog_00194,6
train_frog_00195,6
train_frog_00196,6
train_frog_00197,6
train_frog_00198,6
train_frog_00199,6
train_frog_00200,6
train_frog_00201,6
train_frog_00202,6
train_frog_00203,6
train_frog_00204,6
train_frog_00205,6
train_frog_00206,6
train_frog_00207,6
train_frog_00208,6
train_frog_00209,6
train_frog_00210,6
train_frog_00211,6
train_frog_00212,6
train_frog_00213,6
train_frog_00214,6
train_frog_00215,6
train_frog_00216,6
train_frog_00217,6
train_frog_00218,6
train_frog_00219,6
train_frog_00220,6
train_frog_00221,6
train_frog_00222,6
train_frog_00223,6
train_frog_00224,6
train_frog_00225,6
train_frog_00226,6
train_frog_00227,6
train_frog_00228,6
train_frog_00229,6
train_frog_00230,6
train_frog_00231,6
train_frog_00232,6
train_frog_00233,6
train_frog_00234,6
train_frog_00235,6
train_frog_00236,6
train_frog_00237,6
train_frog_00238,6
train_frog_00239,6
train_frog_00240,6
train_frog_00241,6
train_frog_00242,6
train_frog_00243,6
train_frog_00244,6
train_frog_00245,6
train_frog_00246,6
train_frog_00247,6
train_frog_00248,6
train_frog_00249,6
train_frog_00250,6
train_frog_00251,6
train_frog_00252,6
train_frog_00253,6
train_frog_00254,6
train_frog_00255,6
train_frog_00256,6
train_frog_00257,6
train_frog_00258,6
train_frog_00259,6
train_frog_00260,6
train_frog_00261,6
train_frog_00262,6
train_frog_00263,6
train_frog_00264,6
train_frog_00265,6
train_frog_00266,6
train_frog_00267,6
train_frog_00268,6
train_frog_00269,6
train_frog_00270,6
train_frog_00271,6
train_frog_00272,6
train_frog_00273,6
train_frog_00274,6
train_frog_00275,6
train_frog_00276,6
train_frog_00277,6
train_frog_00278,6
train_frog_00279,6
train_frog_00280,6
train_frog_00281,6
train_frog_00282,6
train_frog_00283,6
train_frog_00284,6
train_frog_00285,6
train_frog_00286,6
train_frog_00287,6
train_frog_00288,6
train_frog_00289,6
train_frog_00290,6
train_frog_00291,6
train_frog_00292,6
train_frog_00293,6
train_frog_00294,6
train_frog_00295,6
train_frog_00296,6
train_frog_00297,6
train_frog_00298,6
train_frog_00299,6
train_frog_00300,6
train_frog_00301,6
train_frog_00302,6
train_frog_00303,6
train_frog_00304,6
train_frog_00305,6
train_frog_00306,6
train_frog_00307,6
train_frog_00308,6
train_frog_00309,6
train_frog_00310,6
train_frog_00311,6
train_frog_00312,6
train_frog_00313,6
train_frog_00314,6
train_frog_00315,6
train_frog_00316,6
train_frog_00317,6
train_frog_00318,6
train_frog_00319,6
train_frog_00320,6
train_frog_00321,6
train_frog_00322,6
train_frog_00323,6
train_frog_00324,6
train_frog_00325,6
train_frog_00326,6
train_frog_00327,6
train_frog_00328,6
train_frog_00329,6
train_frog_00330,6
train_frog_00331,6
train_frog_00332,6
train_frog_00333,6
train_frog_00334,6
train_frog_00335,6
train_frog_00336,6
train_frog_00337,6
train_frog_00338,6
train_frog_00339,6
train_frog_00340,6
train_frog_00341,6
train_frog_00342,6
train_frog_00343,6
train_frog_00344,6
train_frog_00345,6
train_frog_00346,6
train_frog_00347,6
train_frog_00348,6
train_frog_00349,6
train_frog_00350,6
train_frog_00351,6
train_frog_00352,6
train_frog_00353,6
train_frog_00354,6
train_frog_00355,6
train_frog_00356,6
train_frog_00357,6
train_frog_00358,6
train_frog_00359,6
train_frog_00360,6
train_frog_00361,6
train_frog_00362,6
train_frog_00363,6
train_frog_00364,6
train_frog_00365,6
train_frog_00366,6
train_frog_00367,6
train_frog_00368,6
train_frog_00369,6
train_frog_00370,6
train_frog_00371,6
train_frog_00372,6
train_frog_00373,6
train_frog_00374,6
train_horse_00000,7
train_horse_00001,7
train_horse_00002,7
train_horse_00003,7
train_horse_00004,7
train_horse_00005,7
train_horse_00006,7
train_horse_00007,7
train_horse_00008,7
train_horse_00009,7
train_horse_00010,7
train_horse_00011,7
train_horse_00012,7
train_horse_00013,7
train_horse_00014,7
train_horse_00015,7
train_horse_00016,7
train_horse_00017,7
train_horse_00018,7
train_horse_00019,7
train_horse_00020,7
train_horse_00021,7
train_horse_00022,7
train_horse_00023,7
train_horse_00024,7
train_horse_00025,7
train_horse_00026,7
train_horse_00027,7
train_horse_00028,7
train_horse_00029,7
train_horse_00030,7
train_horse_00031,7
train_horse_00032,7
train_horse_00033,7
train_horse_00034,7
train_horse_00035,7
train_horse_00036,7
train_horse_00037,7
train_horse_00038,7
train_horse_00039,7
train_horse_00040,7
train_horse_00041,7
train_horse_00042,7
train_horse_00043,7
train_horse_00044,7
train_horse_00045,7
train_horse_00046,7
train_horse_00047,7
train_horse_00048,7
train_horse_00049,7
train_horse_00050,7
train_horse_00051,7
train_horse_00052,7
train_horse_00053,7
train_horse_00054,7
train_horse_00055,7
train_horse_00056,7
train_horse_00057,7
train_horse_00058,7
train_horse_00059,7
train_horse_00060,7
train_horse_00061,7
train_horse_00062,7
train_horse_00063,7
train_horse_00064,7
train_horse_00065,7
train_horse_00066,7
train_horse_00067,7
train_horse_00068,7
train_horse_00069,7
train_horse_00070,7
train_horse_00071,7
train_horse_00072,7
train_horse_00073,7
train_horse_00074,7
train_horse_00075,7
train_horse_00076,7
train_horse_00077,7
train_horse_00078,7
train_horse_00079,7
train_horse_00080,7
train_horse_00081,7
train_horse_00082,7
train_horse_00083,7
train_horse_00084,7
train_horse_00085,7
train_horse_00086,7
train_horse_00087,7
train_horse_00088,7
train_horse_00089,7
train_horse_00090,7
train_horse_00091,7
train_horse_00092,7
train_horse_00093,7
train_horse_00094,7
train_horse_00095,7
train_horse_00096,7
train_horse_00097,7
train_horse_00098,7
train_horse_00099,7
train_horse_00100,7
train_horse_00101,7
train_horse_00102,7
train_horse_00103,7
train_horse_00104,7
train_horse_00105,7
train_horse_00106,7
train_horse_00107,7
train_horse_00108,7
train_horse_00109,7
train_horse_00110,7
train_horse_00111,7
train_horse_00112,7
train_horse_00113,7
train_horse_00114,7
train_horse_00115,7
train_horse_00116,7
train_horse_00117,7
train_horse_00118,7
train_horse_00119,7
train_horse_00120,7
train_horse_00121,7
train_horse_00122,7
train_horse_00123,7
train_horse_00124,7
train_horse_00125,7
train_horse_00126,7
train_horse_00127,7
train_horse_00128,7
train_horse_00129,7
train_horse_00130,7
train_horse_00131,7
train_horse_00132,7
train_horse_00133,7
train_horse_00134,7
train_horse_00135,7
train_horse_00136,7
train_horse_00137,7
train_horse_00138,7
train_horse_00139,7
train_horse_00140,7
train_horse_00141,7
train_horse_00142,7
train_horse_00143,7
train_horse_00144,7
train_horse_00145,7
train_horse_00146,7
train_horse_00147,7
train_horse_00148,7
train_horse_00149,7
train_horse_00150,7
train_horse_00151,7
train_horse_00152,7
train_horse_00153,7
train_horse_00154,7
train_horse_00155,7
train_horse_00156,7
train_horse_00157,7
train_horse_00158,7
train_horse_00159,7
train_horse_00160,7
train_horse_00161,7
train_horse_00162,7
train_horse_00163,7
train_horse_00164,7
train_horse_00165,7
train_horse_00166,7
train_horse_00167,7
train_horse_00168,7
train_horse_00169,7
train_horse_00170,7
train_horse_00171,7
train_horse_00172,7
train_horse_00173,7
train_horse_00174,7
train_horse_00175,7
train_horse_00176,7
train_horse_00177,7
train_horse_00178,7
train_horse_00179,7
train_horse_00180,7
train_horse_00181,7
train_horse_00182,7
train_horse_00183,7
train_horse_00184,7
train_horse_00185,7
train_horse_00186,7
train_horse_00187,7
train_horse_00188,7
train_horse_00189,7
train_horse_00190,7
train_horse_00191,7
train_horse_00192,7
train_horse_00193,7
train_horse_00194,7
train_horse_00195,7
train_horse_00196,7
train_horse_00197,7
train_horse_00198,7
train_horse_00199,7
train_horse_00200,7
train_horse_00201,7
train_horse_00202,7
train_horse_00203,7
train_horse_00204,7
train_horse_00205,7
train_horse_00206,7
train_horse_00207,7
train_horse_00208,7
train_horse_00209,7
train_horse_00210,7
train_horse_00211,7
train_horse_00212,7
train_horse_00213,7
train_horse_00214,7
train_horse_00215,7
train_horse_00216,7
train_horse_00217,7
train_horse_00218,7
train_horse_00219,7
train_horse_00220,7
train_horse_00221,7
train_horse_00222,7
train_horse_00223,7
train_horse_00224,7
train_horse_00225,7
train_horse_00226,7
train_horse_00227,7
train_horse_00228,7
train_horse_00229,7
train_horse_00230,7
train_horse_00231,7
train_horse_00232,7
train_horse_00233,7
train_horse_00234,7
train_horse_00235,7
train_horse_00236,7
train_horse_00237,7
train_horse_00238,7
train_horse_00239,7
train_horse_00240,7
train_horse_00241,7
train_horse_00242,7
train_horse_00243,7
train_horse_00244,7
train_horse_00245,7
train_horse_00246,7
train_horse_00247,7
train_horse_00248,7
train_horse_00249,7
train_horse_00250,7
train_horse_00251,7
train_horse_00252,7
train_horse_00253,7
train_horse_00254,7
train_horse_00255,7
train_horse_00256,7
train_horse_00257,7
train_horse_00258,7
train_horse_00259,7
train_horse_00260,7
train_horse_00261,7
train_horse_00262,7
train_horse_00263,7
train_horse_00264,7
train_horse_00265,7
train_horse_00266,7
train_horse_00267,7
train_horse_00268,7
train_horse_00269,7
train_horse_00270,7
train_horse_00271,7
train_horse_00272,7
train_horse_00273,7
train_horse_00274,7
train_horse_00275,7
train_horse_00276,7
train_horse_00277,7
train_horse_00278,7
train_horse_00279,7
train_horse_00280,7
train_horse_00281,7
train_horse_00282,7
train_horse_00283,7
train_horse_00284,7
train_horse_00285,7
train_horse_00286,7
train_horse_00287,7
train_horse_00288,7
train_horse_00289,7
train_horse_00290,7
train_horse_00291,7
train_horse_00292,7
train_horse_00293,7
train_horse_00294,7
train_horse_00295,7
train_horse_00296,7
train_horse_00297,7
train_horse_00298,7
train_horse_00299,7
train_horse_00300,7
train_horse_00301,7
train_horse_00302,7
train_horse_00303,7
train_horse_00304,7
train_horse_00305,7
train_horse_00306,7
train_horse_00307,7
train_horse_00308,7
train_horse_00309,7
train_horse_00310,7
train_horse_00311,7
train_horse_00312,7
train_horse_00313,7
train_horse_00314,7
train_horse_00315,7
train_horse_00316,7
train_horse_00317,7
train_horse_00318,7
train_horse_00319,7
train_horse_00320,7
train_horse_00321,7
train_horse_00322,7
train_horse_00323,7
train_horse_00324,7
train_horse_00325,7
train_horse_00326,7
train_horse_00327,7
train_horse_00328,7
train_horse_00329,7
train_horse_00330,7
train_horse_00331,7
train_horse_00332,7
train_horse_00333,7
train_horse_00334,7
train_horse_00335,7
train_horse_00336,7
train_horse_00337,7
train_horse_00338,7
train_horse_00339,7
train_horse_00340,7
train_horse_00341,7
train_horse_00342,7
train_horse_00343,7
train_horse_00344,7
train_horse_00345,7
train_horse_00346,7
train_horse_00347,7
train_horse_00348,7
train_horse_00349,7
train_horse_00350,7
train_horse_00351,7
train_horse_00352,7
train_horse_00353,7
train_horse_00354,7
train_horse_00355,7
train_horse_00356,7
train_horse_00357,7
train_horse_00358,7
train_horse_00359,7
train_horse_00360,7
train_horse_00361,7
train_horse_00362,7
train_horse_00363,7
train_horse_00364,7
train_horse_00365,7
train_horse_00366,7
train_horse_00367,7
train_horse_00368,7
train_horse_00369,7
train_horse_00370,7
train_horse_00371,7
train_horse_00372,7
train_horse_00373,7
train_horse_00374,7
train_sheep_00000,8
train_sheep_00001,8
train_sheep_00002,8
train_sheep_00003,8
train_sheep_00004,8
train_sheep_00005,8
train_sheep_00006,8
train_sheep_00007,8
train_sheep_00008,8
train_sheep_00009,8
train_sheep_00010,8
train_sheep_00011,8
train_sheep_00012,8
train_sheep_00013,8
train_sheep_00014,8
train_sheep_00015,8
train_sheep_00016,8
train_sheep_00017,8
train_sheep_00018,8
train_sheep_00019,8
train_sheep_00020,8
train_sheep_00021,8
train_sheep_00022,8
train_sheep_00023,8
train_sheep_00024,8
train_sheep_00025,8
train_sheep_00026,8
train_sheep_00027,8
train_sheep_00028,8
train_sheep_00029,8
train_sheep_00030,8
train_sheep_00031,8
train_sheep_00032,8
train_sheep_00033,8
train_sheep_00034,8
train_sheep_00035,8
train_sheep_00036,8
train_sheep_00037,8
train_sheep_00038,8
train_sheep_00039,8
train_sheep_00040,8
train_sheep_00041,8
train_sheep_00042,8
train_sheep_00043,8
train_sheep_00044,8
train_sheep_00045,8
train_sheep_00046,8
train_sheep_00047,8
train_sheep_00048,8
train_sheep_00049,8
train_sheep_00050,8
train_sheep_00051,8
train_sheep_00052,8
train_sheep_00053,8
train_sheep_00054,8
train_sheep_00055,8
train_sheep_00056,8
train_sheep_00057,8
train_sheep_00058,8
train_sheep_00059,8
train_sheep_00060,8
train_sheep_00061,8
train_sheep_00062,8
train_sheep_00063,8
train_sheep_00064,8
train_sheep_00065,8
train_sheep_00066,8
train_sheep_00067,8
train_sheep_00068,8
train_sheep_00069,8
train_sheep_00070,8
train_sheep_00071,8
train_sheep_00072,8
train_sheep_00073,8
train_sheep_00074,8
train_sheep_00075,8
train_sheep_00076,8
train_sheep_00077,8
train_sheep_00078,8
train_sheep_00079,8
train_sheep_00080,8
train_sheep_00081,8
train_sheep_00082,8
train_sheep_00083,8
train_sheep_00084,8
train_sheep_00085,8
train_sheep_00086,8
train_sheep_00087,8
train_sheep_00088,8
train_sheep_00089,8
train_sheep_00090,8
train_sheep_00091,8
train_sheep_00092,8
train_sheep_00093,8
train_sheep_00094,8
train_sheep_00095,8
train_sheep_00096,8
train_sheep_00097,8
train_sheep_00098,8
train_sheep_00099,8
train_sheep_00100,8
train_sheep_00101,8
train_sheep_00102,8
train_sheep_00103,8
train_sheep_00104,8
train_sheep_00105,8
train_sheep_00106,8
train_sheep_00107,8
train_sheep_00108,8
train_sheep_00109,8
train_sheep_00110,8
train_sheep_00111,8
train_sheep_00112,8
train_sheep_00113,8
train_sheep_00114,8
train_sheep_00115,8
train_sheep_00116,8
train_sheep_00117,8
train_sheep_00118,8
train_sheep_00119,8
train_sheep_00120,8
train_sheep_00121,8
train_sheep_00122,8
train_sheep_00123,8
train_sheep_00124,8
train_sheep_00125,8
train_sheep_00126,8
train_sheep_00127,8
train_sheep_00128,8
train_sheep_00129,8
train_sheep_00130,8
train_sheep_00131,8
train_sheep_00132,8
train_sheep_00133,8
train_sheep_00134,8
train_sheep_00135,8
train_sheep_00136,8
train_sheep_00137,8
train_sheep_00138,8
train_sheep_00139,8
train_sheep_00140,8
train_sheep_00141,8
train_sheep_00142,8
train_sheep_00143,8
train_sheep_00144,8
train_sheep_00145,8
train_sheep_00146,8
train_sheep_00147,8
train_sheep_00148,8
train_sheep_00149,8
train_sheep_00150,8
train_sheep_00151,8
train_sheep_00152,8
train_sheep_00153,8
train_sheep_00154,8
train_sheep_00155,8
train_sheep_00156,8
train_sheep_00157,8
train_sheep_00158,8
train_sheep_00159,8
train_sheep_00160,8
train_sheep_00161,8
train_sheep_00162,8
train_sheep_00163,8
train_sheep_00164,8
train_sheep_00165,8
train_sheep_00166,8
train_sheep_00167,8
train_sheep_00168,8
train_sheep_00169,8
train_sheep_00170,8
train_sheep_00171,8
train_sheep_00172,8
train_sheep_00173,8
train_sheep_00174,8
train_sheep_00175,8
train_sheep_00176,8
train_sheep_00177,8
train_sheep_00178,8
train_sheep_00179,8
train_sheep_00180,8
train_sheep_00181,8
train_sheep_00182,8
train_sheep_00183,8
train_sheep_00184,8
train_sheep_00185,8
train_sheep_00186,8
train_sheep_00187,8
train_sheep_00188,8
train_sheep_00189,8
train_sheep_00190,8
train_sheep_00191,8
train_sheep_00192,8
train_sheep_00193,8
train_sheep_00194,8
train_sheep_00195,8
train_sheep_00196,8
train_sheep_00197,8
train_sheep_00198,8
train_sheep_00199,8
train_sheep_00200,8
train_sheep_00201,8
train_sheep_00202,8
train_sheep_00203,8
train_sheep_00204,8
train_sheep_00205,8
train_sheep_00206,8
train_sheep_00207,8
train_sheep_00208,8
train_sheep_00209,8
train_sheep_00210,8
train_sheep_00211,8
train_sheep_00212,8
train_sheep_00213,8
train_sheep_00214,8
train_sheep_00215,8
train_sheep_00216,8
train_sheep_00217,8
train_sheep_00218,8
train_sheep_00219,8
train_sheep_00220,8
train_sheep_00221,8
train_sheep_00222,8
train_sheep_00223,8
train_sheep_00224,8
train_sheep_00225,8
train_sheep_00226,8
train_sheep_00227,8
train_sheep_00228,8
train_sheep_00229,8
train_sheep_00230,8
train_sheep_00231,8
train_sheep_00232,8
train_sheep_00233,8
train_sheep_00234,8
train_sheep_00235,8
train_sheep_00236,8
train_sheep_00237,8
train_sheep_00238,8
train_sheep_00239,8
train_sheep_00240,8
train_sheep_00241,8
train_sheep_00242,8
train_sheep_00243,8
train_sheep_00244,8
train_sheep_00245,8
train_sheep_00246,8
train_sheep_00247,8
train_sheep_00248,8
train_sheep_00249,8
train_sheep_00250,8
train_sheep_00251,8
train_sheep_00252,8
train_sheep_00253,8
train_sheep_00254,8
train_sheep_00255,8
train_sheep_00256,8
train_sheep_00257,8
train_sheep_00258,8
train_sheep_00259,8
train_sheep_00260,8
train_sheep_00261,8
train_sheep_00262,8
train_sheep_00263,8
train_sheep_00264,8
train_sheep_00265,8
train_sheep_00266,8
train_sheep_00267,8
train_sheep_00268,8
train_sheep_00269,8
train_sheep_00270,8
train_sheep_00271,8
train_sheep_00272,8
train_sheep_00273,8
train_sheep_00274,8
train_sheep_00275,8
train_sheep_00276,8
train_sheep_00277,8
train_sheep_00278,8
train_sheep_00279,8
train_sheep_00280,8
train_sheep_00281,8
train_sheep_00282,8
train_sheep_00283,8
train_sheep_00284,8
train_sheep_00285,8
train_sheep_00286,8
train_sheep_00287,8
train_sheep_00288,8
train_sheep_00289,8
train_sheep_00290,8
train_sheep_00291,8
train_sheep_00292,8
train_sheep_00293,8
train_sheep_00294,8
train_sheep_00295,8
train_sheep_00296,8
train_sheep_00297,8
train_sheep_00298,8
train_sheep_00299,8
train_sheep_00300,8
train_sheep_00301,8
train_sheep_00302,8
train_sheep_00303,8
train_sheep_00304,8
train_sheep_00305,8
train_sheep_00306,8
train_sheep_00307,8
train_sheep_00308,8
train_sheep_00309,8
train_sheep_00310,8
train_sheep_00311,8
train_sheep_00312,8
train_sheep_00313,8
train_sheep_00314,8
train_sheep_00315,8
train_sheep_00316,8
train_sheep_00317,8
train_sheep_00318,8
train_sheep_00319,8
train_sheep_00320,8
train_sheep_00321,8
train_sheep_00322,8
train_sheep_00323,8
train_sheep_00324,8
train_sheep_00325,8
train_sheep_00326,8
train_sheep_00327,8
train_sheep_00328,8
train_sheep_00329,8
train_sheep_00330,8
train_sheep_00331,8
train_sheep_00332,8
train_sheep_00333,8
train_sheep_00334,8
train_sheep_00335,8
train_sheep_00336,8
train_sheep_00337,8
train_sheep_00338,8
train_sheep_00339,8
train_sheep_00340,8
train_sheep_00341,8
train_sheep_00342,8
train_sheep_00343,8
train_sheep_00344,8
train_sheep_00345,8
train_sheep_00346,8
train_sheep_00347,8
train_sheep_00348,8
train_sheep_00349,8
train_sheep_00350,8
train_sheep_00351,8
train_sheep_00352,8
train_sheep_00353,8
train_sheep_00354,8
train_sheep_00355,8
train_sheep_00356,8
train_sheep_00357,8
train_sheep_00358,8
train_sheep_00359,8
train_sheep_00360,8
train_sheep_00361,8
train_sheep_00362,8
train_sheep_00363,8
train_sheep_00364,8
train_sheep_00365,8
train_sheep_00366,8
train_sheep_00367,8
train_sheep_00368,8
train_sheep_00369,8
train_sheep_00370,8
train_sheep_00371,8
train_sheep_00372,8
train_sheep_00373,8
train_sheep_00374,8
train_spider_00000,9
train_spider_00001,9
train_spider_00002,9
train_spider_00003,9
train_spider_00004,9
train_spider_00005,9
train_spider_00006,9
train_spider_00007,9
train_spider_00008,9
train_spider_00009,9
train_spider_00010,9
train_spider_00011,9
train_spider_00012,9
train_spider_00013,9
train_spider_00014,9
train_spider_00015,9
train_spider_00016,9
train_spider_00017,9
train_spider_00018,9
train_spider_00019,9
train_spider_00020,9
train_spider_00021,9
train_spider_00022,9
train_spider_00023,9
train_spider_00024,9
train_spider_00025,9
train_spider_00026,9
train_spider_00027,9
train_spider_00028,9
train_spider_00029,9
train_spider_00030,9
train_spider_00031,9
train_spider_00032,9
train_spider_00033,9
train_spider_00034,9
train_spider_00035,9
train_spider_00036,9
train_spider_00037,9
train_spider_00038,9
train_spider_00039,9
train_spider_00040,9
train_spider_00041,9
train_spider_00042,9
train_spider_00043,9
train_spider_00044,9
train_spider_00045,9
train_spider_00046,9
train_spider_00047,9
train_spider_00048,9
train_spider_00049,9
train_spider_00050,9
train_spider_00051,9
train_spider_00052,9
train_spider_00053,9
train_spider_00054,9
train_spider_00055,9
train_spider_00056,9
train_spider_00057,9
train_spider_00058,9
train_spider_00059,9
train_spider_00060,9
train_spider_00061,9
train_spider_00062,9
train_spider_00063,9
train_spider_00064,9
train_spider_00065,9
train_spider_00066,9
train_spider_00067,9
train_spider_00068,9
train_spider_00069,9
train_spider_00070,9
train_spider_00071,9
train_spider_00072,9
train_spider_00073,9
train_spider_00074,9
train_spider_00075,9
train_spider_00076,9
train_spider_00077,9
train_spider_00078,9
train_spider_00079,9
train_spider_00080,9
train_spider_00081,9
train_spider_00082,9
train_spider_00083,9
train_spider_00084,9
train_spider_00085,9
train_spider_00086,9
train_spider_00087,9
train_spider_00088,9
train_spider_00089,9
train_spider_00090,9
train_spider_00091,9
train_spider_00092,9
train_spider_00093,9
train_spider_00094,9
train_spider_00095,9
train_spider_00096,9
train_spider_00097,9
train_spider_00098,9
train_spider_00099,9
train_spider_00100,9
train_spider_00101,9
train_spider_00102,9
train_spider_00103,9
train_spider_00104,9
train_spider_00105,9
train_spider_00106,9
train_spider_00107,9
train_spider_00108,9
train_spider_00109,9
train_spider_00110,9
train_spider_00111,9
train_spider_00112,9
train_spider_00113,9
train_spider_00114,9
train_spider_00115,9
train_spider_00116,9
train_spider_00117,9
train_spider_00118,9
train_spider_00119,9
train_spider_00120,9
train_spider_00121,9
train_spider_00122,9
train_spider_00123,9
train_spider_00124,9
train_spider_00125,9
train_spider_00126,9
train_spider_00127,9
train_spider_00128,9
train_spider_00129,9
train_spider_00130,9
train_spider_00131,9
train_spider_00132,9
train_spider_00133,9
train_spider_00134,9
train_spider_00135,9
train_spider_00136,9
train_spider_00137,9
train_spider_00138,9
train_spider_00139,9
train_spider_00140,9
train_spider_00141,9
train_spider_00142,9
train_spider_00143,9
train_spider_00144,9
train_spider_00145,9
train_spider_00146,9
train_spider_00147,9
train_spider_00148,9
train_spider_00149,9
train_spider_00150,9
train_spider_00151,9
train_spider_00152,9
train_spider_00153,9
train_spider_00154,9
train_spider_00155,9
train_spider_00156,9
train_spider_00157,9
train_spider_00158,9
train_spider_00159,9
train_spider_00160,9
train_spider_00161,9
train_spider_00162,9
train_spider_00163,9
train_spider_00164,9
train_spider_00165,9
train_spider_00166,9
train_spider_00167,9
train_spider_00168,9
train_spider_00169,9
train_spider_00170,9
train_spider_00171,9
train_spider_00172,9
train_spider_00173,9
train_spider_00174,9
train_spider_00175,9
train_spider_00176,9
train_spider_00177,9
train_spider_00178,9
train_spider_00179,9
train_spider_00180,9
train_spider_00181,9
train_spider_00182,9
train_spider_00183,9
train_spider_00184,9
train_spider_00185,9
train_spider_00186,9
train_spider_00187,9
train_spider_00188,9
train_spider_00189,9
train_spider_00190,9
train_spider_00191,9
train_spider_00192,9
train_spider_00193,9
train_spider_00194,9
train_spider_00195,9
train_spider_00196,9
train_spider_00197,9
train_spider_00198,9
train_spider_00199,9
train_spider_00200,9
train_spider_00201,9
train_spider_00202,9
train_spider_00203,9
train_spider_00204,9
train_spider_00205,9
train_spider_00206,9
train_spider_00207,9
train_spider_00208,9
train_spider_00209,9
train_spider_00210,9
train_spider_00211,9
train_spider_00212,9
train_spider_00213,9
train_spider_00214,9
train_spider_00215,9
train_spider_00216,9
train_spider_00217,9
train_spider_00218,9
train_spider_00219,9
train_spider_00220,9
train_spider_00221,9
train_spider_00222,9
train_spider_00223,9
train_spider_00224,9
train_spider_00225,9
train_spider_00226,9
train_spider_00227,9
train_spider_00228,9
train_spider_00229,9
train_spider_00230,9
train_spider_00231,9
train_spider_00232,9
train_spider_00233,9
train_spider_00234,9
train_spider_00235,9
train_spider_00236,9
train_spider_00237,9
train_spider_00238,9
train_spider_00239,9
train_spider_00240,9
train_spider_00241,9
train_spider_00242,9
train_spider_00243,9
train_spider_00244,9
train_spider_00245,9
train_spider_00246,9
train_spider_00247,9
train_spider_00248,9
train_spider_00249,9
train_spider_00250,9
train_spider_00251,9
train_spider_00252,9
train_spider_00253,9
train_spider_00254,9
train_spider_00255,9
train_spider_00256,9
train_spider_00257,9
train_spider_00258,9
train_spider_00259,9
train_spider_00260,9
train_spider_00261,9
train_spider_00262,9
train_spider_00263,9
train_spider_00264,9
train_spider_00265,9
train_spider_00266,9
train_spider_00267,9
train_spider_00268,9
train_spider_00269,9
train_spider_00270,9
train_spider_00271,9
train_spider_00272,9
train_spider_00273,9
train_spider_00274,9
train_spider_00275,9
train_spider_00276,9
train_spider_00277,9
train_spider_00278,9
train_spider_00279,9
train_spider_00280,9
train_spider_00281,9
train_spider_00282,9
train_spider_00283,9
train_spider_00284,9
train_spider_00285,9
train_spider_00286,9
train_spider_00287,9
train_spider_00288,9
train_spider_00289,9
train_spider_00290,9
train_spider_00291,9
train_spider_00292,9
train_spider_00293,9
train_spider_00294,9
train_spider_00295,9
train_spider_00296,9
train_spider_00297,9
train_spider_00298,9
train_spider_00299,9
train_spider_00300,9
train_spider_00301,9
train_spider_00302,9
train_spider_00303,9
train_spider_00304,9
train_spider_00305,9
train_spider_00306,9
train_spider_00307,9
train_spider_00308,9
train_spider_00309,9
train_spider_00310,9
train_spider_00311,9
train_spider_00312,9
train_spider_00313,9
train_spider_00314,9
train_spider_00315,9
train_spider_00316,9
train_spider_00317,9
train_spider_00318,9
train_spider_00319,9
train_spider_00320,9
train_spider_00321,9
train_spider_00322,9
train_spider_00323,9
train_spider_00324,9
train_spider_00325,9
train_spider_00326,9
train_spider_00327,9
train_spider_00328,9
train_spider_00329,9
train_spider_00330,9
train_spider_00331,9
train_spider_00332,9
train_spider_00333,9
train_spider_00334,9
train_spider_00335,9
train_spider_00336,9
train_spider_00337,9
train_spider_00338,9
train_spider_00339,9
train_spider_00340,9
train_spider_00341,9
train_spider_00342,9
train_spider_00343,9
train_spider_00344,9
train_spider_00345,9
train_spider_00346,9
train_spider_00347,9
train_spider_00348,9
train_spider_00349,9
train_spider_00350,9
train_spider_00351,9
train_spider_00352,9
train_spider_00353,9
train_spider_00354,9
train_spider_00355,9
train_spider_00356,9
train_spider_00357,9
train_spider_00358,9
train_spider_00359,9
train_spider_00360,9
train_spider_00361,9
train_spider_00362,9
train_spider_00363,9
train_spider_00364,9
train_spider_00365,9
train_spider_00366,9
train_spider_00367,9
train_spider_00368,9
train_spider_00369,9
train_spider_00370,9
train_spider_00371,9
train_spider_00372,9
train_spider_00373,9
train_spider_00374,9
